"destination","month","avg_temp_f","avg_high_f","avg_low_f","total_rainfall_in","rainy_days","avg_humidity_pct","avg_max_wind_speed_mph"
"Ayutthaya","January","77.6","88.2","66.6","0","0","50.3","11.2"
"Ayutthaya","February","82.4","93.1","72","3.05","11","61.1","8.6"
"Ayutthaya","March","85","95.6","76.1","3.27","17","64.9","9.5"
"Ayutthaya","April","86","95.8","78.3","4.59","25","71.6","9.1"
"Ayutthaya","May","84.3","93.5","78.2","7.31","29","78.6","8.9"
"Ayutthaya","June","83.5","91.9","78","8.45","29","77.4","10.4"
"Ayutthaya","July","82.4","89.6","77.6","9.21","31","80.4","10.7"
"Ayutthaya","August","83.1","92.2","77.1","10.02","31","76.7","10.1"
"Ayutthaya","September","81.3","88.9","76.4","13.23","30","84.7","8.6"
"Ayutthaya","October","82.6","90.5","76.9","7.35","28","76.9","9.6"
"Ayutthaya","November","79.4","87.3","73.4","3","16","67.4","11.4"
"Ayutthaya","December","80.3","89.4","72.5","0.59","6","61.6","10.3"
"Baan Rak Thai","January","63.6","72.5","56.6","0.18","5","67.2","5.5"
"Baan Rak Thai","February","67.7","78.2","58.9","2.13","7","60.1","6.4"
"Baan Rak Thai","March","72.1","83.8","62.7","0.19","9","54.1","6.9"
"Baan Rak Thai","April","73.2","83.5","65.9","4.27","25","73.2","6.8"
"Baan Rak Thai","May","71.9","80.2","66.9","14.53","31","85.9","6.9"
"Baan Rak Thai","June","70.5","77.4","67.2","14.07","30","92.9","6.9"
"Baan Rak Thai","July","69.7","75.4","67","18.58","31","95.1","6.7"
"Baan Rak Thai","August","70.6","77.6","66.4","12.18","31","90.6","6.3"
"Baan Rak Thai","September","71.2","78.7","66.8","7.48","30","89.3","6.1"
"Baan Rak Thai","October","71.5","79.4","65.7","4.53","24","79.4","5.8"
"Baan Rak Thai","November","66.7","74.7","60.4","6.47","15","77","5.6"
"Baan Rak Thai","December","65","73.6","57.8","0.14","8","70.1","4.9"
"Bangkok","January","81.3","91.5","71","0.01","1","46.4","6.7"
"Bangkok","February","83.7","93.4","74.8","2.32","13","62.4","7.1"
"Bangkok","March","86.3","95.6","79","2.42","16","64.9","7.2"
"Bangkok","April","86.3","94.4","79.9","4.42","26","71.4","7.5"
"Bangkok","May","83.6","90","78.9","9.15","31","82.6","6.5"
"Bangkok","June","83.1","89.9","78.1","7.27","29","79.5","7.3"
"Bangkok","July","82.1","87.9","78","8.54","31","82.5","7.5"
"Bangkok","August","82.7","90","77.4","7.24","27","78.4","7.6"
"Bangkok","September","81.3","87.5","77.2","10.39","30","84.3","6.5"
"Bangkok","October","82","89","76.7","7.52","29","80.5","6.2"
"Bangkok","November","78.9","86.1","72.8","6.32","17","72.8","6.5"
"Bangkok","December","81.8","90.2","73.9","0.36","9","61.4","6.2"
"Chiang Mai","January","69.3","79.4","59.7","0.07","2","69.6","4.8"
"Chiang Mai","February","75.2","86","65.3","2.05","4","63.5","5.6"
"Chiang Mai","March","79.5","90.9","68.4","0.41","6","58.8","5.7"
"Chiang Mai","April","83.4","93.2","74.6","2.35","13","64","7.2"
"Chiang Mai","May","81.7","90.5","75.2","10.68","26","76.2","7"
"Chiang Mai","June","80.5","87.8","74.9","13.28","30","82.5","6.2"
"Chiang Mai","July","79","85","74.4","20.69","31","87","5.5"
"Chiang Mai","August","79.2","86.4","73.8","17.57","31","85.4","5.7"
"Chiang Mai","September","79.1","86.2","73.6","9.43","29","84.5","5.8"
"Chiang Mai","October","79","87","71.8","5.09","25","79.1","5.4"
"Chiang Mai","November","73.4","81.8","66.4","7.06","18","78","6.3"
"Chiang Mai","December","71.9","81.8","62.5","0.55","11","74","4.5"
"Chiang Rai","January","66.7","76.9","56.8","0.17","6","71.2","5.2"
"Chiang Rai","February","72.2","84.1","60.7","0.67","6","68.7","6"
"Chiang Rai","March","75.8","89.3","64","0.3","7","63.9","6.2"
"Chiang Rai","April","79.9","90.8","70.5","2.72","16","70.6","6.9"
"Chiang Rai","May","79.6","87.8","72.9","9.8","30","79.7","7"
"Chiang Rai","June","79.1","86.3","73.9","11.78","30","86","6.4"
"Chiang Rai","July","77.8","84","73.5","20.55","31","89.3","6.1"
"Chiang Rai","August","78.2","85.8","72.7","12.27","30","86.7","6.4"
"Chiang Rai","September","77.6","84.6","72","12.22","29","87.3","5.9"
"Chiang Rai","October","76.6","84.3","70.2","5.53","19","82","6.1"
"Chiang Rai","November","70.7","78.7","63.6","7.19","17","79.8","6.3"
"Chiang Rai","December","68.8","78.7","59.4","0.23","9","77.5","4"
"Hua Hin","January","76.2","83.1","68.3","0.08","2","60.7","12.6"
"Hua Hin","February","79.3","87","71.3","2.36","12","73.3","11"
"Hua Hin","March","83.4","91.3","75.4","1.46","12","69.7","12.8"
"Hua Hin","April","84.3","92.1","77.4","3.15","28","72.5","11.4"
"Hua Hin","May","83.5","90.4","78.1","6.71","30","78.9","10"
"Hua Hin","June","83.7","92.1","77.7","2.78","29","72.8","12"
"Hua Hin","July","83.3","90.6","78.2","4.3","26","74.4","13.4"
"Hua Hin","August","83.1","91.2","77.1","6.26","31","73.4","10.8"
"Hua Hin","September","81.6","88.6","76.6","5.49","30","79.9","9.7"
"Hua Hin","October","81.3","87.8","76.2","8.24","31","80.2","10.5"
"Hua Hin","November","78.6","84.6","73.4","7.24","19","73.9","11.8"
"Hua Hin","December","79.9","86.4","73.4","0.46","8","65.9","12.5"
"Koh Samui","January","74.6","78.4","71.1","2.45","24","76.2","11.6"
"Koh Samui","February","75.4","79.9","71.4","5.09","21","77.3","10.4"
"Koh Samui","March","77","81.3","73.1","2.24","24","78.2","9.3"
"Koh Samui","April","78.3","83.1","74.2","4.31","26","78.3","9"
"Koh Samui","May","77.8","82.5","74.1","6.57","31","82.6","8.9"
"Koh Samui","June","78.6","84.1","74.7","2.69","27","77","11.9"
"Koh Samui","July","80","86.5","75.2","1.88","24","71.3","13.4"
"Koh Samui","August","77.9","83.3","73.7","5.06","27","76.6","11.1"
"Koh Samui","September","77.6","83.1","73.7","3.85","26","76.5","11.4"
"Koh Samui","October","76","80.8","72.2","10.92","31","83.6","9"
"Koh Samui","November","74.9","79.2","71.8","11.31","27","82.1","11.5"
"Koh Samui","December","74.5","78.9","71.2","5.2","23","81.4","10.1"
"Koh Tao","January","78.7","79.8","77.3","0.85","13","73.8","16.8"
"Koh Tao","February","79.3","80.6","77.5","4.99","17","77.9","14.4"
"Koh Tao","March","81.2","82.6","79.5","2.33","18","76.2","13.6"
"Koh Tao","April","82.2","83.9","79.9","4.57","20","76.6","13.5"
"Koh Tao","May","82","84.1","79.3","11.86","30","79.5","13.8"
"Koh Tao","June","81.7","83.6","79.6","5.6","27","79.7","18.1"
"Koh Tao","July","82","84.4","79.9","4.16","27","78.9","19.2"
"Koh Tao","August","80.9","82.9","78.8","5.64","27","79.2","17.6"
"Koh Tao","September","80.3","82.2","78.4","7.3","28","80.3","17.2"
"Koh Tao","October","80.3","82.5","77.5","12.97","31","79.5","14.5"
"Koh Tao","November","79.6","81.2","77.9","9.66","23","77.4","19.3"
"Koh Tao","December","79.2","80.4","77.6","4.22","19","78.2","15.3"
"Krabi","January","80.4","89.5","73.2","0.99","22","74.2","10.4"
"Krabi","February","81.7","91.8","73.7","2.6","18","71.6","10.8"
"Krabi","March","82.5","92.7","75.4","4.16","27","76.7","9.4"
"Krabi","April","80.8","89","75.5","9.78","30","85.2","8"
"Krabi","May","81","87.1","76.6","12.21","31","87.2","8.3"
"Krabi","June","81.5","86.7","77.2","8.4","27","84","10.1"
"Krabi","July","82.6","87.6","78.4","5.57","27","80.2","11.7"
"Krabi","August","81","86.3","76","8.57","29","82.6","10.4"
"Krabi","September","80.3","85.1","76.5","10.24","30","84.9","10.5"
"Krabi","October","80","86.6","75.9","6.77","28","85.7","8.8"
"Krabi","November","78.8","85","74.3","9.79","26","85.5","9.1"
"Krabi","December","80.2","89.4","73.3","2.57","22","77.9","9"
"Pattaya","January","78.7","88","70.2","0.08","1","55.8","13.8"
"Pattaya","February","80.5","88.3","74.3","5.13","16","75.3","10.6"
"Pattaya","March","82.8","89.6","77.3","4.23","19","75","10.7"
"Pattaya","April","84.2","90.1","79.4","5.38","28","77.9","9.7"
"Pattaya","May","83.1","88.3","78.9","8.82","30","83.2","9.1"
"Pattaya","June","84.1","88.2","80.3","4.38","26","76.8","12.7"
"Pattaya","July","84","88","80.5","6.2","29","77.5","13.8"
"Pattaya","August","84","88.8","79.7","5.65","27","75.1","11.8"
"Pattaya","September","81.7","85.6","78.2","8.17","30","83.2","10.7"
"Pattaya","October","81.4","87.4","77.1","10.73","28","81.3","9.5"
"Pattaya","November","78.7","85","73.3","5.1","17","74.1","10.9"
"Pattaya","December","80.2","87.7","73.8","0.68","9","67.6","11.6"
"Phuket","January","81.6","88.5","76.1","1.66","23","71.6","11.7"
"Phuket","February","82.4","90.1","76.8","1.78","18","70.7","10.8"
"Phuket","March","83.2","91","77.8","4.6","29","74.3","9.4"
"Phuket","April","81.5","88","76.6","9.63","29","82.4","8.5"
"Phuket","May","81.3","86.5","77.3","12.35","31","84.6","8.9"
"Phuket","June","81.6","86.2","77.9","8.7","27","82.7","10.2"
"Phuket","July","82.5","87.1","78.6","4.2","25","79.4","11.7"
"Phuket","August","81.6","86.9","76.7","7.31","29","78.9","10.5"
"Phuket","September","80.2","84.5","76.8","9.41","28","83.9","10.7"
"Phuket","October","79.8","85.4","76.2","12.91","31","85.1","8.5"
"Phuket","November","79","83.9","75.5","10.32","26","84.2","10.4"
"Phuket","December","80.7","87.7","75.7","3.39","25","76.9","9"
